fecha,presa,nivel_pct,volumen_hm3,capacidad_hm3
2024-01-01,La Tinaja,41.93,23.06,55.0
2024-01-02,La Tinaja,41.85,23.02,55.0
2024-01-03,La Tinaja,41.78,22.98,55.0
2024-01-04,La Tinaja,41.84,23.01,55.0
2024-01-05,La Tinaja,41.76,22.97,55.0
2024-01-06,La Tinaja,41.49,22.82,55.0
2024-01-07,La Tinaja,41.49,22.82,55.0
2024-01-08,La Tinaja,41.4,22.77,55.0
2024-01-09,La Tinaja,41.31,22.72,55.0
2024-01-10,La Tinaja,41.28,22.7,55.0
2024-01-11,La Tinaja,41.26,22.69,55.0
2024-01-12,La Tinaja,41.38,22.76,55.0
2024-01-13,La Tinaja,41.43,22.79,55.0
2024-01-14,La Tinaja,41.4,22.77,55.0
2024-01-15,La Tinaja,41.23,22.68,55.0
2024-01-16,La Tinaja,41.03,22.57,55.0
2024-01-17,La Tinaja,41.02,22.56,55.0
2024-01-18,La Tinaja,41.16,22.64,55.0
2024-01-19,La Tinaja,41.12,22.61,55.0
2024-01-20,La Tinaja,41.05,22.58,55.0
2024-01-21,La Tinaja,41.08,22.59,55.0
2024-01-22,La Tinaja,40.81,22.44,55.0
2024-01-23,La Tinaja,40.71,22.39,55.0
2024-01-24,La Tinaja,40.73,22.4,55.0
2024-01-25,La Tinaja,40.81,22.45,55.0
2024-01-26,La Tinaja,40.72,22.4,55.0
2024-01-27,La Tinaja,40.73,22.4,55.0
2024-01-28,La Tinaja,40.71,22.39,55.0
2024-01-29,La Tinaja,40.78,22.43,55.0
2024-01-30,La Tinaja,40.56,22.31,55.0
2024-01-31,La Tinaja,40.59,22.33,55.0
2024-02-01,La Tinaja,40.31,22.17,55.0
2024-02-02,La Tinaja,39.86,21.92,55.0
2024-02-03,La Tinaja,39.71,21.84,55.0
2024-02-04,La Tinaja,39.51,21.73,55.0
2024-02-05,La Tinaja,39.59,21.77,55.0
2024-02-06,La Tinaja,39.63,21.79,55.0
2024-02-07,La Tinaja,39.39,21.66,55.0
2024-02-08,La Tinaja,39.45,21.7,55.0
2024-02-09,La Tinaja,39.25,21.58,55.0
2024-02-10,La Tinaja,39.17,21.55,55.0
2024-02-11,La Tinaja,39.07,21.49,55.0
2024-02-12,La Tinaja,39.03,21.47,55.0
2024-02-13,La Tinaja,39.09,21.5,55.0
2024-02-14,La Tinaja,39.13,21.52,55.0
2024-02-15,La Tinaja,39.13,21.52,55.0
2024-02-16,La Tinaja,39.16,21.54,55.0
2024-02-17,La Tinaja,39.18,21.55,55.0
2024-02-18,La Tinaja,39.03,21.46,55.0
2024-02-19,La Tinaja,38.86,21.37,55.0
2024-02-20,La Tinaja,38.73,21.3,55.0
2024-02-21,La Tinaja,38.75,21.31,55.0
2024-02-22,La Tinaja,38.65,21.26,55.0
2024-02-23,La Tinaja,38.94,21.42,55.0
2024-02-24,La Tinaja,38.76,21.32,55.0
2024-02-25,La Tinaja,38.54,21.2,55.0
2024-02-26,La Tinaja,38.6,21.23,55.0
2024-02-27,La Tinaja,38.75,21.31,55.0
2024-02-28,La Tinaja,38.77,21.32,55.0
2024-02-29,La Tinaja,38.83,21.36,55.0
2024-03-01,La Tinaja,38.97,21.43,55.0
2024-03-02,La Tinaja,38.88,21.38,55.0
2024-03-03,La Tinaja,38.58,21.22,55.0
2024-03-04,La Tinaja,38.42,21.13,55.0
2024-03-05,La Tinaja,38.49,21.17,55.0
2024-03-06,La Tinaja,38.19,21.01,55.0
2024-03-07,La Tinaja,38.12,20.96,55.0
2024-03-08,La Tinaja,38.08,20.94,55.0
2024-03-09,La Tinaja,37.95,20.87,55.0
2024-03-10,La Tinaja,37.98,20.89,55.0
2024-03-11,La Tinaja,37.99,20.89,55.0
2024-03-12,La Tinaja,38.25,21.04,55.0
2024-03-13,La Tinaja,38.27,21.05,55.0
2024-03-14,La Tinaja,38.1,20.95,55.0
2024-03-15,La Tinaja,37.93,20.86,55.0
2024-03-16,La Tinaja,37.73,20.75,55.0
2024-03-17,La Tinaja,37.79,20.79,55.0
2024-03-18,La Tinaja,37.63,20.7,55.0
2024-03-19,La Tinaja,37.54,20.65,55.0
2024-03-20,La Tinaja,37.57,20.66,55.0
2024-03-21,La Tinaja,37.38,20.56,55.0
2024-03-22,La Tinaja,37.26,20.49,55.0
2024-03-23,La Tinaja,36.9,20.3,55.0
2024-03-24,La Tinaja,36.66,20.16,55.0
2024-03-25,La Tinaja,36.5,20.07,55.0
2024-03-26,La Tinaja,36.48,20.06,55.0
2024-03-27,La Tinaja,36.58,20.12,55.0
2024-03-28,La Tinaja,36.5,20.07,55.0
2024-03-29,La Tinaja,36.46,20.05,55.0
2024-03-30,La Tinaja,36.4,20.02,55.0
2024-03-31,La Tinaja,36.49,20.07,55.0
2024-04-01,La Tinaja,36.51,20.08,55.0
2024-04-02,La Tinaja,36.44,20.04,55.0
2024-04-03,La Tinaja,36.17,19.9,55.0
2024-04-04,La Tinaja,36.2,19.91,55.0
2024-04-05,La Tinaja,36.14,19.88,55.0
2024-04-06,La Tinaja,36.21,19.92,55.0
2024-04-07,La Tinaja,36.1,19.85,55.0
2024-04-08,La Tinaja,36.28,19.95,55.0
2024-04-09,La Tinaja,36.11,19.86,55.0
2024-04-10,La Tinaja,36.24,19.93,55.0
2024-04-11,La Tinaja,36.14,19.88,55.0
2024-04-12,La Tinaja,35.95,19.77,55.0
2024-04-13,La Tinaja,35.67,19.62,55.0
2024-04-14,La Tinaja,35.54,19.54,55.0
2024-04-15,La Tinaja,35.64,19.6,55.0
2024-04-16,La Tinaja,35.65,19.61,55.0
2024-04-17,La Tinaja,35.64,19.6,55.0
2024-04-18,La Tinaja,35.17,19.34,55.0
2024-04-19,La Tinaja,35.16,19.34,55.0
2024-04-20,La Tinaja,35.13,19.32,55.0
2024-04-21,La Tinaja,34.94,19.22,55.0
2024-04-22,La Tinaja,34.73,19.1,55.0
2024-04-23,La Tinaja,34.62,19.04,55.0
2024-04-24,La Tinaja,34.77,19.12,55.0
2024-04-25,La Tinaja,34.5,18.97,55.0
2024-04-26,La Tinaja,34.32,18.88,55.0
2024-04-27,La Tinaja,34.41,18.93,55.0
2024-04-28,La Tinaja,34.23,18.83,55.0
2024-04-29,La Tinaja,34.07,18.74,55.0
2024-04-30,La Tinaja,33.97,18.68,55.0
2024-05-01,La Tinaja,33.65,18.51,55.0
2024-05-02,La Tinaja,33.56,18.46,55.0
2024-05-03,La Tinaja,33.24,18.28,55.0
2024-05-04,La Tinaja,33.25,18.29,55.0
2024-05-05,La Tinaja,33.12,18.21,55.0
2024-05-06,La Tinaja,33.33,18.33,55.0
2024-05-07,La Tinaja,33.24,18.28,55.0
2024-05-08,La Tinaja,33.32,18.32,55.0
2024-05-09,La Tinaja,32.99,18.15,55.0
2024-05-10,La Tinaja,32.84,18.06,55.0
2024-05-11,La Tinaja,32.76,18.02,55.0
2024-05-12,La Tinaja,32.89,18.09,55.0
2024-05-13,La Tinaja,32.51,17.88,55.0
2024-05-14,La Tinaja,32.53,17.89,55.0
2024-05-15,La Tinaja,32.49,17.87,55.0
2024-05-16,La Tinaja,32.59,17.92,55.0
2024-05-17,La Tinaja,32.57,17.91,55.0
2024-05-18,La Tinaja,32.44,17.84,55.0
2024-05-19,La Tinaja,32.23,17.73,55.0
2024-05-20,La Tinaja,31.92,17.55,55.0
2024-05-21,La Tinaja,31.82,17.5,55.0
2024-05-22,La Tinaja,31.66,17.41,55.0
2024-05-23,La Tinaja,31.83,17.51,55.0
2024-05-24,La Tinaja,31.61,17.39,55.0
2024-05-25,La Tinaja,31.53,17.34,55.0
2024-05-26,La Tinaja,31.16,17.14,55.0
2024-05-27,La Tinaja,30.97,17.04,55.0
2024-05-28,La Tinaja,30.88,16.99,55.0
2024-05-29,La Tinaja,30.88,16.98,55.0
2024-05-30,La Tinaja,30.96,17.03,55.0
2024-05-31,La Tinaja,30.83,16.95,55.0
2024-06-01,La Tinaja,30.64,16.85,55.0
2024-06-02,La Tinaja,30.52,16.78,55.0
2024-06-03,La Tinaja,30.31,16.67,55.0
2024-06-04,La Tinaja,30.14,16.58,55.0
2024-06-05,La Tinaja,30.24,16.63,55.0
2024-06-06,La Tinaja,30.45,16.75,55.0
2024-06-07,La Tinaja,30.38,16.71,55.0
2024-06-08,La Tinaja,30.4,16.72,55.0
2024-06-09,La Tinaja,30.03,16.52,55.0
2024-06-10,La Tinaja,29.96,16.48,55.0
2024-06-11,La Tinaja,29.98,16.49,55.0
2024-06-12,La Tinaja,29.96,16.48,55.0
2024-06-13,La Tinaja,29.82,16.4,55.0
2024-06-14,La Tinaja,29.48,16.22,55.0
2024-06-15,La Tinaja,29.33,16.13,55.0
2024-06-16,La Tinaja,29.47,16.21,55.0
2024-06-17,La Tinaja,29.21,16.07,55.0
2024-06-18,La Tinaja,29.15,16.03,55.0
2024-06-19,La Tinaja,29.18,16.05,55.0
2024-06-20,La Tinaja,28.99,15.95,55.0
2024-06-21,La Tinaja,29.42,16.18,55.0
2024-06-22,La Tinaja,29.49,16.22,55.0
2024-06-23,La Tinaja,29.64,16.3,55.0
2024-06-24,La Tinaja,29.4,16.17,55.0
2024-06-25,La Tinaja,29.32,16.13,55.0
2024-06-26,La Tinaja,29.47,16.21,55.0
2024-06-27,La Tinaja,29.33,16.13,55.0
2024-06-28,La Tinaja,29.48,16.22,55.0
2024-06-29,La Tinaja,29.84,16.41,55.0
2024-06-30,La Tinaja,29.6,16.28,55.0
2024-07-01,La Tinaja,29.59,16.28,55.0
2024-07-02,La Tinaja,29.62,16.29,55.0
2024-07-03,La Tinaja,29.3,16.11,55.0
2024-07-04,La Tinaja,30.33,16.68,55.0
2024-07-05,La Tinaja,30.3,16.67,55.0
2024-07-06,La Tinaja,30.15,16.58,55.0
2024-07-07,La Tinaja,30.47,16.76,55.0
2024-07-08,La Tinaja,30.26,16.64,55.0
2024-07-09,La Tinaja,31.82,17.5,55.0
2024-07-10,La Tinaja,31.94,17.57,55.0
2024-07-11,La Tinaja,31.71,17.44,55.0
2024-07-12,La Tinaja,31.54,17.34,55.0
2024-07-13,La Tinaja,31.43,17.29,55.0
2024-07-14,La Tinaja,31.25,17.18,55.0
2024-07-15,La Tinaja,31.13,17.12,55.0
2024-07-16,La Tinaja,31.17,17.14,55.0
2024-07-17,La Tinaja,32.58,17.92,55.0
2024-07-18,La Tinaja,33.11,18.21,55.0
2024-07-19,La Tinaja,33.32,18.32,55.0
2024-07-20,La Tinaja,33.11,18.21,55.0
2024-07-21,La Tinaja,33.19,18.25,55.0
2024-07-22,La Tinaja,33.35,18.34,55.0
2024-07-23,La Tinaja,33.48,18.42,55.0
2024-07-24,La Tinaja,34.91,19.2,55.0
2024-07-25,La Tinaja,34.65,19.06,55.0
2024-07-26,La Tinaja,34.74,19.11,55.0
2024-07-27,La Tinaja,35.76,19.67,55.0
2024-07-28,La Tinaja,35.88,19.74,55.0
2024-07-29,La Tinaja,35.73,19.65,55.0
2024-07-30,La Tinaja,35.56,19.56,55.0
2024-07-31,La Tinaja,35.52,19.53,55.0
2024-08-01,La Tinaja,35.41,19.47,55.0
2024-08-02,La Tinaja,35.6,19.58,55.0
2024-08-03,La Tinaja,35.55,19.55,55.0
2024-08-04,La Tinaja,35.48,19.52,55.0
2024-08-05,La Tinaja,35.23,19.38,55.0
2024-08-06,La Tinaja,36.19,19.9,55.0
2024-08-07,La Tinaja,35.91,19.75,55.0
2024-08-08,La Tinaja,35.78,19.68,55.0
2024-08-09,La Tinaja,37.1,20.41,55.0
2024-08-10,La Tinaja,37.13,20.42,55.0
2024-08-11,La Tinaja,36.78,20.23,55.0
2024-08-12,La Tinaja,36.73,20.2,55.0
2024-08-13,La Tinaja,36.74,20.21,55.0
2024-08-14,La Tinaja,36.51,20.08,55.0
2024-08-15,La Tinaja,36.56,20.11,55.0
2024-08-16,La Tinaja,36.77,20.23,55.0
2024-08-17,La Tinaja,36.41,20.02,55.0
2024-08-18,La Tinaja,36.59,20.13,55.0
2024-08-19,La Tinaja,36.57,20.11,55.0
2024-08-20,La Tinaja,36.61,20.14,55.0
2024-08-21,La Tinaja,36.27,19.95,55.0
2024-08-22,La Tinaja,36.23,19.92,55.0
2024-08-23,La Tinaja,36.1,19.85,55.0
2024-08-24,La Tinaja,36.09,19.85,55.0
2024-08-25,La Tinaja,36.3,19.97,55.0
2024-08-26,La Tinaja,36.27,19.95,55.0
2024-08-27,La Tinaja,37.21,20.47,55.0
2024-08-28,La Tinaja,37.41,20.58,55.0
2024-08-29,La Tinaja,37.06,20.38,55.0
2024-08-30,La Tinaja,36.66,20.16,55.0
2024-08-31,La Tinaja,36.85,20.27,55.0
2024-09-01,La Tinaja,37.09,20.4,55.0
2024-09-02,La Tinaja,37.31,20.52,55.0
2024-09-03,La Tinaja,37.25,20.49,55.0
2024-09-04,La Tinaja,37.27,20.5,55.0
2024-09-05,La Tinaja,37.14,20.43,55.0
2024-09-06,La Tinaja,37.27,20.5,55.0
2024-09-07,La Tinaja,37.12,20.42,55.0
2024-09-08,La Tinaja,37.02,20.36,55.0
2024-09-09,La Tinaja,39.88,21.94,55.0
2024-09-10,La Tinaja,39.77,21.88,55.0
2024-09-11,La Tinaja,39.68,21.83,55.0
2024-09-12,La Tinaja,39.68,21.82,55.0
2024-09-13,La Tinaja,39.51,21.73,55.0
2024-09-14,La Tinaja,39.73,21.85,55.0
2024-09-15,La Tinaja,39.62,21.79,55.0
2024-09-16,La Tinaja,39.71,21.84,55.0
2024-09-17,La Tinaja,39.77,21.87,55.0
2024-09-18,La Tinaja,39.83,21.91,55.0
2024-09-19,La Tinaja,39.95,21.97,55.0
2024-09-20,La Tinaja,39.78,21.88,55.0
2024-09-21,La Tinaja,39.85,21.92,55.0
2024-09-22,La Tinaja,39.8,21.89,55.0
2024-09-23,La Tinaja,39.65,21.81,55.0
2024-09-24,La Tinaja,39.46,21.7,55.0
2024-09-25,La Tinaja,39.09,21.5,55.0
2024-09-26,La Tinaja,39.1,21.5,55.0
2024-09-27,La Tinaja,39.2,21.56,55.0
2024-09-28,La Tinaja,39.24,21.58,55.0
2024-09-29,La Tinaja,39.29,21.61,55.0
2024-09-30,La Tinaja,39.01,21.46,55.0
2024-10-01,La Tinaja,38.97,21.44,55.0
2024-10-02,La Tinaja,38.96,21.43,55.0
2024-10-03,La Tinaja,38.94,21.42,55.0
2024-10-04,La Tinaja,38.84,21.36,55.0
2024-10-05,La Tinaja,38.87,21.38,55.0
2024-10-06,La Tinaja,39.04,21.47,55.0
2024-10-07,La Tinaja,38.98,21.44,55.0
2024-10-08,La Tinaja,38.92,21.4,55.0
2024-10-09,La Tinaja,38.99,21.44,55.0
2024-10-10,La Tinaja,39.04,21.47,55.0
2024-10-11,La Tinaja,38.94,21.42,55.0
2024-10-12,La Tinaja,38.89,21.39,55.0
2024-10-13,La Tinaja,38.58,21.22,55.0
2024-10-14,La Tinaja,38.6,21.23,55.0
2024-10-15,La Tinaja,38.24,21.03,55.0
2024-10-16,La Tinaja,37.99,20.89,55.0
2024-10-17,La Tinaja,37.9,20.85,55.0
2024-10-18,La Tinaja,37.68,20.72,55.0
2024-10-19,La Tinaja,37.83,20.8,55.0
2024-10-20,La Tinaja,37.63,20.69,55.0
2024-10-21,La Tinaja,37.58,20.67,55.0
2024-10-22,La Tinaja,37.74,20.76,55.0
2024-10-23,La Tinaja,37.61,20.69,55.0
2024-10-24,La Tinaja,38.2,21.01,55.0
2024-10-25,La Tinaja,38.07,20.94,55.0
2024-10-26,La Tinaja,38.84,21.36,55.0
2024-10-27,La Tinaja,38.77,21.33,55.0
2024-10-28,La Tinaja,38.67,21.27,55.0
2024-10-29,La Tinaja,38.53,21.19,55.0
2024-10-30,La Tinaja,38.53,21.19,55.0
2024-10-31,La Tinaja,38.28,21.06,55.0
2024-11-01,La Tinaja,38.12,20.96,55.0
2024-11-02,La Tinaja,38.23,21.02,55.0
2024-11-03,La Tinaja,37.98,20.89,55.0
2024-11-04,La Tinaja,37.91,20.85,55.0
2024-11-05,La Tinaja,37.88,20.83,55.0
2024-11-06,La Tinaja,37.68,20.72,55.0
2024-11-07,La Tinaja,37.83,20.8,55.0
2024-11-08,La Tinaja,38.0,20.9,55.0
2024-11-09,La Tinaja,37.66,20.71,55.0
2024-11-10,La Tinaja,37.39,20.56,55.0
2024-11-11,La Tinaja,37.46,20.6,55.0
2024-11-12,La Tinaja,37.21,20.47,55.0
2024-11-13,La Tinaja,37.11,20.41,55.0
2024-11-14,La Tinaja,37.08,20.39,55.0
2024-11-15,La Tinaja,37.13,20.42,55.0
2024-11-16,La Tinaja,37.05,20.38,55.0
2024-11-17,La Tinaja,37.01,20.36,55.0
2024-11-18,La Tinaja,36.84,20.26,55.0
2024-11-19,La Tinaja,36.99,20.34,55.0
2024-11-20,La Tinaja,36.86,20.27,55.0
2024-11-21,La Tinaja,36.86,20.28,55.0
2024-11-22,La Tinaja,36.74,20.21,55.0
2024-11-23,La Tinaja,36.7,20.19,55.0
2024-11-24,La Tinaja,36.63,20.15,55.0
2024-11-25,La Tinaja,36.55,20.1,55.0
2024-11-26,La Tinaja,36.35,19.99,55.0
2024-11-27,La Tinaja,36.42,20.03,55.0
2024-11-28,La Tinaja,36.58,20.12,55.0
2024-11-29,La Tinaja,36.57,20.11,55.0
2024-11-30,La Tinaja,36.63,20.15,55.0
2024-12-01,La Tinaja,36.71,20.19,55.0
2024-12-02,La Tinaja,36.79,20.24,55.0
2024-12-03,La Tinaja,36.79,20.23,55.0
2024-12-04,La Tinaja,36.77,20.22,55.0
2024-12-05,La Tinaja,36.85,20.27,55.0
2024-12-06,La Tinaja,36.81,20.25,55.0
2024-12-07,La Tinaja,36.62,20.14,55.0
2024-12-08,La Tinaja,36.57,20.11,55.0
2024-12-09,La Tinaja,36.24,19.93,55.0
2024-12-10,La Tinaja,36.18,19.9,55.0
2024-12-11,La Tinaja,36.2,19.91,55.0
2024-12-12,La Tinaja,36.33,19.98,55.0
2024-12-13,La Tinaja,36.31,19.97,55.0
2024-12-14,La Tinaja,36.39,20.02,55.0
2024-12-15,La Tinaja,36.34,19.99,55.0
2024-12-16,La Tinaja,36.14,19.88,55.0
2024-12-17,La Tinaja,35.88,19.73,55.0
2024-12-18,La Tinaja,35.68,19.63,55.0
2024-12-19,La Tinaja,35.43,19.49,55.0
2024-12-20,La Tinaja,35.47,19.51,55.0
2024-12-21,La Tinaja,35.39,19.47,55.0
2024-12-22,La Tinaja,35.43,19.49,55.0
2024-12-23,La Tinaja,35.39,19.46,55.0
2024-12-24,La Tinaja,35.5,19.52,55.0
2024-12-25,La Tinaja,35.6,19.58,55.0
2024-12-26,La Tinaja,35.46,19.5,55.0
2024-12-27,La Tinaja,35.37,19.45,55.0
2024-12-28,La Tinaja,35.24,19.38,55.0
2024-12-29,La Tinaja,34.94,19.22,55.0
2024-12-30,La Tinaja,34.99,19.25,55.0
2024-12-31,La Tinaja,35.12,19.32,55.0
2024-01-01,Peña del Águila,54.95,74.18,135.0
2024-01-02,Peña del Águila,54.84,74.03,135.0
2024-01-03,Peña del Águila,54.92,74.14,135.0
2024-01-04,Peña del Águila,54.58,73.69,135.0
2024-01-05,Peña del Águila,54.55,73.65,135.0
2024-01-06,Peña del Águila,54.52,73.6,135.0
2024-01-07,Peña del Águila,54.4,73.44,135.0
2024-01-08,Peña del Águila,54.51,73.59,135.0
2024-01-09,Peña del Águila,54.58,73.68,135.0
2024-01-10,Peña del Águila,54.5,73.57,135.0
2024-01-11,Peña del Águila,54.44,73.49,135.0
2024-01-12,Peña del Águila,54.34,73.36,135.0
2024-01-13,Peña del Águila,54.22,73.2,135.0
2024-01-14,Peña del Águila,54.02,72.92,135.0
2024-01-15,Peña del Águila,54.13,73.08,135.0
2024-01-16,Peña del Águila,54.2,73.17,135.0
2024-01-17,Peña del Águila,54.25,73.23,135.0
2024-01-18,Peña del Águila,54.06,72.99,135.0
2024-01-19,Peña del Águila,54.26,73.25,135.0
2024-01-20,Peña del Águila,54.45,73.5,135.0
2024-01-21,Peña del Águila,54.42,73.47,135.0
2024-01-22,Peña del Águila,54.26,73.25,135.0
2024-01-23,Peña del Águila,54.1,73.04,135.0
2024-01-24,Peña del Águila,54.1,73.04,135.0
2024-01-25,Peña del Águila,53.94,72.82,135.0
2024-01-26,Peña del Águila,53.89,72.75,135.0
2024-01-27,Peña del Águila,53.96,72.85,135.0
2024-01-28,Peña del Águila,53.73,72.54,135.0
2024-01-29,Peña del Águila,53.92,72.79,135.0
2024-01-30,Peña del Águila,54.06,72.98,135.0
2024-01-31,Peña del Águila,53.86,72.71,135.0
2024-02-01,Peña del Águila,53.63,72.4,135.0
2024-02-02,Peña del Águila,53.54,72.28,135.0
2024-02-03,Peña del Águila,53.36,72.03,135.0
2024-02-04,Peña del Águila,53.27,71.91,135.0
2024-02-05,Peña del Águila,52.9,71.41,135.0
2024-02-06,Peña del Águila,52.81,71.3,135.0
2024-02-07,Peña del Águila,52.97,71.51,135.0
2024-02-08,Peña del Águila,52.78,71.25,135.0
2024-02-09,Peña del Águila,52.69,71.13,135.0
2024-02-10,Peña del Águila,52.45,70.81,135.0
2024-02-11,Peña del Águila,52.47,70.83,135.0
2024-02-12,Peña del Águila,52.38,70.71,135.0
2024-02-13,Peña del Águila,52.56,70.95,135.0
2024-02-14,Peña del Águila,52.52,70.9,135.0
2024-02-15,Peña del Águila,52.42,70.77,135.0
2024-02-16,Peña del Águila,52.43,70.78,135.0
2024-02-17,Peña del Águila,52.31,70.62,135.0
2024-02-18,Peña del Águila,52.09,70.32,135.0
2024-02-19,Peña del Águila,52.07,70.29,135.0
2024-02-20,Peña del Águila,51.99,70.18,135.0
2024-02-21,Peña del Águila,51.95,70.13,135.0
2024-02-22,Peña del Águila,51.93,70.11,135.0
2024-02-23,Peña del Águila,51.82,69.95,135.0
2024-02-24,Peña del Águila,51.81,69.94,135.0
2024-02-25,Peña del Águila,51.96,70.14,135.0
2024-02-26,Peña del Águila,51.77,69.88,135.0
2024-02-27,Peña del Águila,51.92,70.09,135.0
2024-02-28,Peña del Águila,51.83,69.97,135.0
2024-02-29,Peña del Águila,51.68,69.77,135.0
2024-03-01,Peña del Águila,51.89,70.05,135.0
2024-03-02,Peña del Águila,51.83,69.97,135.0
2024-03-03,Peña del Águila,51.91,70.08,135.0
2024-03-04,Peña del Águila,51.93,70.11,135.0
2024-03-05,Peña del Águila,51.65,69.73,135.0
2024-03-06,Peña del Águila,51.59,69.64,135.0
2024-03-07,Peña del Águila,51.44,69.45,135.0
2024-03-08,Peña del Águila,51.2,69.13,135.0
2024-03-09,Peña del Águila,50.91,68.73,135.0
2024-03-10,Peña del Águila,50.84,68.64,135.0
2024-03-11,Peña del Águila,50.84,68.63,135.0
2024-03-12,Peña del Águila,50.8,68.58,135.0
2024-03-13,Peña del Águila,50.69,68.43,135.0
2024-03-14,Peña del Águila,50.51,68.19,135.0
2024-03-15,Peña del Águila,50.31,67.92,135.0
2024-03-16,Peña del Águila,50.17,67.73,135.0
2024-03-17,Peña del Águila,49.96,67.45,135.0
2024-03-18,Peña del Águila,49.86,67.31,135.0
2024-03-19,Peña del Águila,49.78,67.2,135.0
2024-03-20,Peña del Águila,49.59,66.95,135.0
2024-03-21,Peña del Águila,49.48,66.8,135.0
2024-03-22,Peña del Águila,49.31,66.57,135.0
2024-03-23,Peña del Águila,49.23,66.47,135.0
2024-03-24,Peña del Águila,49.22,66.44,135.0
2024-03-25,Peña del Águila,49.16,66.36,135.0
2024-03-26,Peña del Águila,49.13,66.33,135.0
2024-03-27,Peña del Águila,48.86,65.96,135.0
2024-03-28,Peña del Águila,48.73,65.79,135.0
2024-03-29,Peña del Águila,48.69,65.73,135.0
2024-03-30,Peña del Águila,48.68,65.72,135.0
2024-03-31,Peña del Águila,48.41,65.36,135.0
2024-04-01,Peña del Águila,48.32,65.23,135.0
2024-04-02,Peña del Águila,48.35,65.27,135.0
2024-04-03,Peña del Águila,48.22,65.09,135.0
2024-04-04,Peña del Águila,48.09,64.93,135.0
2024-04-05,Peña del Águila,48.04,64.85,135.0
2024-04-06,Peña del Águila,47.95,64.74,135.0
2024-04-07,Peña del Águila,47.92,64.69,135.0
2024-04-08,Peña del Águila,47.82,64.55,135.0
2024-04-09,Peña del Águila,47.72,64.43,135.0
2024-04-10,Peña del Águila,47.52,64.15,135.0
2024-04-11,Peña del Águila,47.39,63.97,135.0
2024-04-12,Peña del Águila,47.42,64.02,135.0
2024-04-13,Peña del Águila,47.29,63.84,135.0
2024-04-14,Peña del Águila,47.15,63.66,135.0
2024-04-15,Peña del Águila,46.98,63.43,135.0
2024-04-16,Peña del Águila,46.96,63.4,135.0
2024-04-17,Peña del Águila,46.75,63.11,135.0
2024-04-18,Peña del Águila,46.75,63.11,135.0
2024-04-19,Peña del Águila,46.52,62.8,135.0
2024-04-20,Peña del Águila,46.28,62.48,135.0
2024-04-21,Peña del Águila,46.2,62.36,135.0
2024-04-22,Peña del Águila,46.1,62.23,135.0
2024-04-23,Peña del Águila,46.02,62.13,135.0
2024-04-24,Peña del Águila,46.04,62.15,135.0
2024-04-25,Peña del Águila,45.88,61.93,135.0
2024-04-26,Peña del Águila,45.82,61.85,135.0
2024-04-27,Peña del Águila,45.59,61.55,135.0
2024-04-28,Peña del Águila,45.63,61.61,135.0
2024-04-29,Peña del Águila,45.6,61.56,135.0
2024-04-30,Peña del Águila,45.55,61.49,135.0
2024-05-01,Peña del Águila,45.44,61.35,135.0
2024-05-02,Peña del Águila,45.22,61.04,135.0
2024-05-03,Peña del Águila,45.05,60.82,135.0
2024-05-04,Peña del Águila,44.98,60.72,135.0
2024-05-05,Peña del Águila,44.85,60.54,135.0
2024-05-06,Peña del Águila,44.73,60.39,135.0
2024-05-07,Peña del Águila,44.44,59.99,135.0
2024-05-08,Peña del Águila,44.33,59.84,135.0
2024-05-09,Peña del Águila,44.12,59.56,135.0
2024-05-10,Peña del Águila,43.86,59.21,135.0
2024-05-11,Peña del Águila,43.71,59.01,135.0
2024-05-12,Peña del Águila,43.36,58.53,135.0
2024-05-13,Peña del Águila,43.31,58.47,135.0
2024-05-14,Peña del Águila,43.28,58.43,135.0
2024-05-15,Peña del Águila,43.14,58.25,135.0
2024-05-16,Peña del Águila,42.9,57.91,135.0
2024-05-17,Peña del Águila,42.65,57.58,135.0
2024-05-18,Peña del Águila,42.5,57.38,135.0
2024-05-19,Peña del Águila,42.08,56.81,135.0
2024-05-20,Peña del Águila,41.97,56.67,135.0
2024-05-21,Peña del Águila,41.92,56.6,135.0
2024-05-22,Peña del Águila,41.76,56.37,135.0
2024-05-23,Peña del Águila,41.57,56.12,135.0
2024-05-24,Peña del Águila,41.46,55.97,135.0
2024-05-25,Peña del Águila,41.37,55.85,135.0
2024-05-26,Peña del Águila,41.37,55.85,135.0
2024-05-27,Peña del Águila,41.25,55.68,135.0
2024-05-28,Peña del Águila,41.03,55.39,135.0
2024-05-29,Peña del Águila,40.85,55.14,135.0
2024-05-30,Peña del Águila,40.74,55.0,135.0
2024-05-31,Peña del Águila,40.8,55.07,135.0
2024-06-01,Peña del Águila,40.51,54.69,135.0
2024-06-02,Peña del Águila,40.45,54.6,135.0
2024-06-03,Peña del Águila,40.21,54.28,135.0
2024-06-04,Peña del Águila,39.97,53.96,135.0
2024-06-05,Peña del Águila,39.69,53.59,135.0
2024-06-06,Peña del Águila,39.53,53.37,135.0
2024-06-07,Peña del Águila,39.49,53.31,135.0
2024-06-08,Peña del Águila,39.41,53.2,135.0
2024-06-09,Peña del Águila,39.2,52.93,135.0
2024-06-10,Peña del Águila,39.23,52.96,135.0
2024-06-11,Peña del Águila,39.25,52.99,135.0
2024-06-12,Peña del Águila,39.09,52.77,135.0
2024-06-13,Peña del Águila,38.93,52.55,135.0
2024-06-14,Peña del Águila,38.86,52.46,135.0
2024-06-15,Peña del Águila,39.06,52.73,135.0
2024-06-16,Peña del Águila,38.81,52.4,135.0
2024-06-17,Peña del Águila,38.66,52.19,135.0
2024-06-18,Peña del Águila,38.65,52.18,135.0
2024-06-19,Peña del Águila,38.38,51.82,135.0
2024-06-20,Peña del Águila,38.05,51.37,135.0
2024-06-21,Peña del Águila,37.85,51.1,135.0
2024-06-22,Peña del Águila,37.74,50.95,135.0
2024-06-23,Peña del Águila,37.52,50.65,135.0
2024-06-24,Peña del Águila,37.2,50.22,135.0
2024-06-25,Peña del Águila,37.02,49.97,135.0
2024-06-26,Peña del Águila,37.18,50.2,135.0
2024-06-27,Peña del Águila,36.97,49.91,135.0
2024-06-28,Peña del Águila,36.89,49.8,135.0
2024-06-29,Peña del Águila,36.66,49.49,135.0
2024-06-30,Peña del Águila,36.63,49.45,135.0
2024-07-01,Peña del Águila,36.43,49.18,135.0
2024-07-02,Peña del Águila,36.32,49.03,135.0
2024-07-03,Peña del Águila,36.24,48.93,135.0
2024-07-04,Peña del Águila,36.0,48.59,135.0
2024-07-05,Peña del Águila,35.65,48.13,135.0
2024-07-06,Peña del Águila,35.49,47.91,135.0
2024-07-07,Peña del Águila,35.64,48.12,135.0
2024-07-08,Peña del Águila,35.79,48.31,135.0
2024-07-09,Peña del Águila,35.79,48.32,135.0
2024-07-10,Peña del Águila,35.84,48.38,135.0
2024-07-11,Peña del Águila,37.66,50.84,135.0
2024-07-12,Peña del Águila,39.06,52.73,135.0
2024-07-13,Peña del Águila,38.95,52.59,135.0
2024-07-14,Peña del Águila,38.73,52.29,135.0
2024-07-15,Peña del Águila,38.74,52.3,135.0
2024-07-16,Peña del Águila,38.65,52.18,135.0
2024-07-17,Peña del Águila,38.7,52.24,135.0
2024-07-18,Peña del Águila,38.55,52.05,135.0
2024-07-19,Peña del Águila,38.44,51.89,135.0
2024-07-20,Peña del Águila,38.57,52.07,135.0
2024-07-21,Peña del Águila,38.27,51.66,135.0
2024-07-22,Peña del Águila,38.18,51.54,135.0
2024-07-23,Peña del Águila,37.72,50.92,135.0
2024-07-24,Peña del Águila,37.41,50.5,135.0
2024-07-25,Peña del Águila,38.35,51.77,135.0
2024-07-26,Peña del Águila,38.4,51.84,135.0
2024-07-27,Peña del Águila,38.28,51.68,135.0
2024-07-28,Peña del Águila,38.27,51.67,135.0
2024-07-29,Peña del Águila,38.22,51.59,135.0
2024-07-30,Peña del Águila,39.76,53.68,135.0
2024-07-31,Peña del Águila,39.73,53.63,135.0
2024-08-01,Peña del Águila,39.56,53.4,135.0
2024-08-02,Peña del Águila,39.64,53.51,135.0
2024-08-03,Peña del Águila,41.53,56.06,135.0
2024-08-04,Peña del Águila,41.64,56.21,135.0
2024-08-05,Peña del Águila,41.4,55.89,135.0
2024-08-06,Peña del Águila,41.16,55.56,135.0
2024-08-07,Peña del Águila,41.15,55.55,135.0
2024-08-08,Peña del Águila,41.17,55.58,135.0
2024-08-09,Peña del Águila,41.22,55.65,135.0
2024-08-10,Peña del Águila,41.1,55.49,135.0
2024-08-11,Peña del Águila,40.88,55.19,135.0
2024-08-12,Peña del Águila,40.9,55.21,135.0
2024-08-13,Peña del Águila,40.75,55.01,135.0
2024-08-14,Peña del Águila,40.7,54.95,135.0
2024-08-15,Peña del Águila,41.15,55.56,135.0
2024-08-16,Peña del Águila,41.46,55.97,135.0
2024-08-17,Peña del Águila,41.2,55.62,135.0
2024-08-18,Peña del Águila,41.28,55.73,135.0
2024-08-19,Peña del Águila,41.32,55.79,135.0
2024-08-20,Peña del Águila,41.17,55.59,135.0
2024-08-21,Peña del Águila,43.66,58.94,135.0
2024-08-22,Peña del Águila,43.56,58.8,135.0
2024-08-23,Peña del Águila,43.54,58.78,135.0
2024-08-24,Peña del Águila,43.51,58.73,135.0
2024-08-25,Peña del Águila,46.37,62.6,135.0
2024-08-26,Peña del Águila,46.33,62.55,135.0
2024-08-27,Peña del Águila,48.39,65.32,135.0
2024-08-28,Peña del Águila,48.33,65.24,135.0
2024-08-29,Peña del Águila,48.29,65.19,135.0
2024-08-30,Peña del Águila,48.2,65.07,135.0
2024-08-31,Peña del Águila,48.08,64.9,135.0
2024-09-01,Peña del Águila,47.88,64.63,135.0
2024-09-02,Peña del Águila,47.74,64.44,135.0
2024-09-03,Peña del Águila,47.73,64.44,135.0
2024-09-04,Peña del Águila,47.61,64.28,135.0
2024-09-05,Peña del Águila,47.57,64.22,135.0
2024-09-06,Peña del Águila,47.68,64.37,135.0
2024-09-07,Peña del Águila,47.53,64.17,135.0
2024-09-08,Peña del Águila,47.8,64.53,135.0
2024-09-09,Peña del Águila,47.58,64.24,135.0
2024-09-10,Peña del Águila,47.46,64.07,135.0
2024-09-11,Peña del Águila,49.4,66.69,135.0
2024-09-12,Peña del Águila,49.36,66.63,135.0
2024-09-13,Peña del Águila,49.22,66.44,135.0
2024-09-14,Peña del Águila,49.1,66.28,135.0
2024-09-15,Peña del Águila,48.96,66.1,135.0
2024-09-16,Peña del Águila,48.74,65.8,135.0
2024-09-17,Peña del Águila,48.51,65.48,135.0
2024-09-18,Peña del Águila,48.27,65.16,135.0
2024-09-19,Peña del Águila,48.07,64.89,135.0
2024-09-20,Peña del Águila,48.07,64.9,135.0
2024-09-21,Peña del Águila,49.41,66.7,135.0
2024-09-22,Peña del Águila,51.35,69.32,135.0
2024-09-23,Peña del Águila,51.04,68.9,135.0
2024-09-24,Peña del Águila,50.94,68.76,135.0
2024-09-25,Peña del Águila,50.95,68.78,135.0
2024-09-26,Peña del Águila,50.77,68.54,135.0
2024-09-27,Peña del Águila,50.69,68.43,135.0
2024-09-28,Peña del Águila,50.69,68.43,135.0
2024-09-29,Peña del Águila,54.03,72.94,135.0
2024-09-30,Peña del Águila,53.83,72.67,135.0
2024-10-01,Peña del Águila,53.81,72.65,135.0
2024-10-02,Peña del Águila,53.66,72.44,135.0
2024-10-03,Peña del Águila,54.54,73.63,135.0
2024-10-04,Peña del Águila,54.54,73.63,135.0
2024-10-05,Peña del Águila,54.61,73.73,135.0
2024-10-06,Peña del Águila,54.96,74.19,135.0
2024-10-07,Peña del Águila,56.29,75.99,135.0
2024-10-08,Peña del Águila,56.14,75.79,135.0
2024-10-09,Peña del Águila,57.71,77.91,135.0
2024-10-10,Peña del Águila,57.6,77.77,135.0
2024-10-11,Peña del Águila,59.23,79.96,135.0
2024-10-12,Peña del Águila,60.94,82.27,135.0
2024-10-13,Peña del Águila,61.77,83.4,135.0
2024-10-14,Peña del Águila,61.55,83.09,135.0
2024-10-15,Peña del Águila,61.5,83.02,135.0
2024-10-16,Peña del Águila,61.38,82.86,135.0
2024-10-17,Peña del Águila,62.11,83.85,135.0
2024-10-18,Peña del Águila,63.08,85.16,135.0
2024-10-19,Peña del Águila,63.26,85.39,135.0
2024-10-20,Peña del Águila,64.46,87.02,135.0
2024-10-21,Peña del Águila,64.52,87.11,135.0
2024-10-22,Peña del Águila,64.46,87.02,135.0
2024-10-23,Peña del Águila,64.57,87.18,135.0
2024-10-24,Peña del Águila,64.69,87.33,135.0
2024-10-25,Peña del Águila,64.53,87.12,135.0
2024-10-26,Peña del Águila,65.84,88.88,135.0
2024-10-27,Peña del Águila,65.9,88.96,135.0
2024-10-28,Peña del Águila,67.41,91.0,135.0
2024-10-29,Peña del Águila,67.41,91.0,135.0
2024-10-30,Peña del Águila,67.59,91.25,135.0
2024-10-31,Peña del Águila,69.43,93.73,135.0
2024-11-01,Peña del Águila,69.39,93.67,135.0
2024-11-02,Peña del Águila,69.37,93.65,135.0
2024-11-03,Peña del Águila,69.37,93.65,135.0
2024-11-04,Peña del Águila,69.32,93.59,135.0
2024-11-05,Peña del Águila,69.35,93.62,135.0
2024-11-06,Peña del Águila,69.28,93.53,135.0
2024-11-07,Peña del Águila,69.21,93.43,135.0
2024-11-08,Peña del Águila,69.37,93.65,135.0
2024-11-09,Peña del Águila,69.34,93.61,135.0
2024-11-10,Peña del Águila,69.3,93.55,135.0
2024-11-11,Peña del Águila,69.35,93.63,135.0
2024-11-12,Peña del Águila,69.32,93.59,135.0
2024-11-13,Peña del Águila,69.31,93.57,135.0
2024-11-14,Peña del Águila,69.25,93.49,135.0
2024-11-15,Peña del Águila,69.05,93.22,135.0
2024-11-16,Peña del Águila,69.0,93.15,135.0
2024-11-17,Peña del Águila,68.81,92.9,135.0
2024-11-18,Peña del Águila,68.79,92.86,135.0
2024-11-19,Peña del Águila,68.6,92.61,135.0
2024-11-20,Peña del Águila,68.66,92.69,135.0
2024-11-21,Peña del Águila,68.7,92.74,135.0
2024-11-22,Peña del Águila,68.68,92.72,135.0
2024-11-23,Peña del Águila,68.62,92.63,135.0
2024-11-24,Peña del Águila,68.62,92.63,135.0
2024-11-25,Peña del Águila,68.33,92.25,135.0
2024-11-26,Peña del Águila,68.15,92.0,135.0
2024-11-27,Peña del Águila,68.08,91.91,135.0
2024-11-28,Peña del Águila,68.07,91.9,135.0
2024-11-29,Peña del Águila,68.02,91.82,135.0
2024-11-30,Peña del Águila,67.84,91.59,135.0
2024-12-01,Peña del Águila,67.81,91.54,135.0
2024-12-02,Peña del Águila,67.71,91.4,135.0
2024-12-03,Peña del Águila,67.53,91.16,135.0
2024-12-04,Peña del Águila,67.52,91.15,135.0
2024-12-05,Peña del Águila,67.44,91.05,135.0
2024-12-06,Peña del Águila,67.54,91.17,135.0
2024-12-07,Peña del Águila,67.57,91.21,135.0
2024-12-08,Peña del Águila,67.6,91.27,135.0
2024-12-09,Peña del Águila,67.59,91.25,135.0
2024-12-10,Peña del Águila,67.44,91.05,135.0
2024-12-11,Peña del Águila,67.28,90.83,135.0
2024-12-12,Peña del Águila,67.05,90.52,135.0
2024-12-13,Peña del Águila,67.35,90.92,135.0
2024-12-14,Peña del Águila,67.17,90.68,135.0
2024-12-15,Peña del Águila,67.09,90.58,135.0
2024-12-16,Peña del Águila,67.0,90.45,135.0
2024-12-17,Peña del Águila,66.92,90.34,135.0
2024-12-18,Peña del Águila,66.8,90.17,135.0
2024-12-19,Peña del Águila,66.52,89.8,135.0
2024-12-20,Peña del Águila,66.35,89.57,135.0
2024-12-21,Peña del Águila,66.13,89.28,135.0
2024-12-22,Peña del Águila,66.07,89.19,135.0
2024-12-23,Peña del Águila,65.94,89.02,135.0
2024-12-24,Peña del Águila,65.81,88.84,135.0
2024-12-25,Peña del Águila,65.78,88.8,135.0
2024-12-26,Peña del Águila,65.66,88.64,135.0
2024-12-27,Peña del Águila,65.72,88.73,135.0
2024-12-28,Peña del Águila,65.63,88.6,135.0
2024-12-29,Peña del Águila,65.6,88.56,135.0
2024-12-30,Peña del Águila,65.39,88.28,135.0
2024-12-31,Peña del Águila,65.42,88.32,135.0
2024-01-01,Guadalupe Victoria,47.88,37.34,78.0
2024-01-02,Guadalupe Victoria,47.9,37.36,78.0
2024-01-03,Guadalupe Victoria,47.91,37.37,78.0
2024-01-04,Guadalupe Victoria,47.82,37.3,78.0
2024-01-05,Guadalupe Victoria,47.81,37.29,78.0
2024-01-06,Guadalupe Victoria,47.69,37.2,78.0
2024-01-07,Guadalupe Victoria,47.88,37.35,78.0
2024-01-08,Guadalupe Victoria,48.0,37.44,78.0
2024-01-09,Guadalupe Victoria,48.03,37.47,78.0
2024-01-10,Guadalupe Victoria,47.77,37.26,78.0
2024-01-11,Guadalupe Victoria,47.52,37.07,78.0
2024-01-12,Guadalupe Victoria,47.35,36.93,78.0
2024-01-13,Guadalupe Victoria,47.25,36.86,78.0
2024-01-14,Guadalupe Victoria,47.28,36.88,78.0
2024-01-15,Guadalupe Victoria,47.07,36.71,78.0
2024-01-16,Guadalupe Victoria,47.23,36.84,78.0
2024-01-17,Guadalupe Victoria,47.18,36.8,78.0
2024-01-18,Guadalupe Victoria,46.77,36.48,78.0
2024-01-19,Guadalupe Victoria,46.63,36.37,78.0
2024-01-20,Guadalupe Victoria,46.11,35.97,78.0
2024-01-21,Guadalupe Victoria,45.92,35.82,78.0
2024-01-22,Guadalupe Victoria,45.77,35.7,78.0
2024-01-23,Guadalupe Victoria,45.61,35.58,78.0
2024-01-24,Guadalupe Victoria,45.5,35.49,78.0
2024-01-25,Guadalupe Victoria,45.38,35.4,78.0
2024-01-26,Guadalupe Victoria,45.22,35.27,78.0
2024-01-27,Guadalupe Victoria,45.44,35.44,78.0
2024-01-28,Guadalupe Victoria,45.61,35.57,78.0
2024-01-29,Guadalupe Victoria,45.35,35.37,78.0
2024-01-30,Guadalupe Victoria,45.53,35.51,78.0
2024-01-31,Guadalupe Victoria,45.18,35.24,78.0
2024-02-01,Guadalupe Victoria,44.98,35.08,78.0
2024-02-02,Guadalupe Victoria,45.19,35.25,78.0
2024-02-03,Guadalupe Victoria,44.73,34.89,78.0
2024-02-04,Guadalupe Victoria,44.78,34.93,78.0
2024-02-05,Guadalupe Victoria,44.49,34.7,78.0
2024-02-06,Guadalupe Victoria,44.41,34.64,78.0
2024-02-07,Guadalupe Victoria,44.32,34.57,78.0
2024-02-08,Guadalupe Victoria,44.56,34.76,78.0
2024-02-09,Guadalupe Victoria,44.36,34.6,78.0
2024-02-10,Guadalupe Victoria,44.29,34.55,78.0
2024-02-11,Guadalupe Victoria,44.34,34.59,78.0
2024-02-12,Guadalupe Victoria,44.24,34.51,78.0
2024-02-13,Guadalupe Victoria,44.03,34.35,78.0
2024-02-14,Guadalupe Victoria,43.96,34.29,78.0
2024-02-15,Guadalupe Victoria,43.92,34.26,78.0
2024-02-16,Guadalupe Victoria,44.02,34.34,78.0
2024-02-17,Guadalupe Victoria,43.8,34.16,78.0
2024-02-18,Guadalupe Victoria,43.66,34.05,78.0
2024-02-19,Guadalupe Victoria,43.66,34.05,78.0
2024-02-20,Guadalupe Victoria,43.57,33.98,78.0
2024-02-21,Guadalupe Victoria,43.48,33.91,78.0
2024-02-22,Guadalupe Victoria,43.41,33.86,78.0
2024-02-23,Guadalupe Victoria,43.23,33.72,78.0
2024-02-24,Guadalupe Victoria,43.03,33.56,78.0
2024-02-25,Guadalupe Victoria,43.05,33.58,78.0
2024-02-26,Guadalupe Victoria,42.79,33.38,78.0
2024-02-27,Guadalupe Victoria,42.94,33.5,78.0
2024-02-28,Guadalupe Victoria,42.93,33.48,78.0
2024-02-29,Guadalupe Victoria,42.64,33.26,78.0
2024-03-01,Guadalupe Victoria,42.61,33.23,78.0
2024-03-02,Guadalupe Victoria,42.56,33.2,78.0
2024-03-03,Guadalupe Victoria,42.62,33.24,78.0
2024-03-04,Guadalupe Victoria,42.75,33.34,78.0
2024-03-05,Guadalupe Victoria,42.6,33.23,78.0
2024-03-06,Guadalupe Victoria,42.39,33.07,78.0
2024-03-07,Guadalupe Victoria,42.21,32.92,78.0
2024-03-08,Guadalupe Victoria,41.95,32.72,78.0
2024-03-09,Guadalupe Victoria,41.74,32.55,78.0
2024-03-10,Guadalupe Victoria,41.71,32.53,78.0
2024-03-11,Guadalupe Victoria,41.63,32.47,78.0
2024-03-12,Guadalupe Victoria,41.46,32.34,78.0
2024-03-13,Guadalupe Victoria,41.25,32.18,78.0
2024-03-14,Guadalupe Victoria,41.23,32.16,78.0
2024-03-15,Guadalupe Victoria,41.06,32.03,78.0
2024-03-16,Guadalupe Victoria,40.8,31.82,78.0
2024-03-17,Guadalupe Victoria,40.69,31.74,78.0
2024-03-18,Guadalupe Victoria,40.56,31.64,78.0
2024-03-19,Guadalupe Victoria,40.29,31.43,78.0
2024-03-20,Guadalupe Victoria,40.36,31.48,78.0
2024-03-21,Guadalupe Victoria,40.43,31.54,78.0
2024-03-22,Guadalupe Victoria,40.36,31.48,78.0
2024-03-23,Guadalupe Victoria,40.31,31.44,78.0
2024-03-24,Guadalupe Victoria,40.32,31.45,78.0
2024-03-25,Guadalupe Victoria,40.24,31.38,78.0
2024-03-26,Guadalupe Victoria,40.32,31.45,78.0
2024-03-27,Guadalupe Victoria,40.54,31.62,78.0
2024-03-28,Guadalupe Victoria,40.47,31.57,78.0
2024-03-29,Guadalupe Victoria,40.47,31.57,78.0
2024-03-30,Guadalupe Victoria,40.55,31.63,78.0
2024-03-31,Guadalupe Victoria,40.41,31.52,78.0
2024-04-01,Guadalupe Victoria,40.09,31.27,78.0
2024-04-02,Guadalupe Victoria,40.14,31.31,78.0
2024-04-03,Guadalupe Victoria,39.75,31.0,78.0
2024-04-04,Guadalupe Victoria,39.96,31.17,78.0
2024-04-05,Guadalupe Victoria,40.0,31.2,78.0
2024-04-06,Guadalupe Victoria,39.92,31.14,78.0
2024-04-07,Guadalupe Victoria,39.82,31.06,78.0
2024-04-08,Guadalupe Victoria,40.02,31.22,78.0
2024-04-09,Guadalupe Victoria,39.74,31.0,78.0
2024-04-10,Guadalupe Victoria,39.42,30.75,78.0
2024-04-11,Guadalupe Victoria,39.2,30.58,78.0
2024-04-12,Guadalupe Victoria,39.04,30.45,78.0
2024-04-13,Guadalupe Victoria,38.75,30.22,78.0
2024-04-14,Guadalupe Victoria,38.66,30.16,78.0
2024-04-15,Guadalupe Victoria,38.58,30.09,78.0
2024-04-16,Guadalupe Victoria,38.32,29.89,78.0
2024-04-17,Guadalupe Victoria,38.49,30.02,78.0
2024-04-18,Guadalupe Victoria,38.13,29.74,78.0
2024-04-19,Guadalupe Victoria,37.79,29.47,78.0
2024-04-20,Guadalupe Victoria,37.74,29.44,78.0
2024-04-21,Guadalupe Victoria,37.59,29.32,78.0
2024-04-22,Guadalupe Victoria,37.56,29.29,78.0
2024-04-23,Guadalupe Victoria,37.33,29.12,78.0
2024-04-24,Guadalupe Victoria,37.03,28.89,78.0
2024-04-25,Guadalupe Victoria,36.81,28.71,78.0
2024-04-26,Guadalupe Victoria,36.57,28.53,78.0
2024-04-27,Guadalupe Victoria,36.55,28.51,78.0
2024-04-28,Guadalupe Victoria,36.35,28.36,78.0
2024-04-29,Guadalupe Victoria,36.38,28.38,78.0
2024-04-30,Guadalupe Victoria,36.37,28.37,78.0
2024-05-01,Guadalupe Victoria,36.43,28.42,78.0
2024-05-02,Guadalupe Victoria,36.46,28.44,78.0
2024-05-03,Guadalupe Victoria,36.47,28.45,78.0
2024-05-04,Guadalupe Victoria,36.48,28.46,78.0
2024-05-05,Guadalupe Victoria,36.26,28.28,78.0
2024-05-06,Guadalupe Victoria,36.08,28.14,78.0
2024-05-07,Guadalupe Victoria,35.62,27.79,78.0
2024-05-08,Guadalupe Victoria,35.54,27.72,78.0
2024-05-09,Guadalupe Victoria,35.29,27.53,78.0
2024-05-10,Guadalupe Victoria,35.24,27.48,78.0
2024-05-11,Guadalupe Victoria,35.2,27.46,78.0
2024-05-12,Guadalupe Victoria,34.83,27.17,78.0
2024-05-13,Guadalupe Victoria,34.51,26.92,78.0
2024-05-14,Guadalupe Victoria,34.32,26.77,78.0
2024-05-15,Guadalupe Victoria,34.1,26.6,78.0
2024-05-16,Guadalupe Victoria,34.0,26.52,78.0
2024-05-17,Guadalupe Victoria,33.66,26.26,78.0
2024-05-18,Guadalupe Victoria,33.54,26.16,78.0
2024-05-19,Guadalupe Victoria,33.11,25.82,78.0
2024-05-20,Guadalupe Victoria,32.59,25.42,78.0
2024-05-21,Guadalupe Victoria,32.59,25.42,78.0
2024-05-22,Guadalupe Victoria,32.22,25.13,78.0
2024-05-23,Guadalupe Victoria,31.99,24.95,78.0
2024-05-24,Guadalupe Victoria,31.61,24.65,78.0
2024-05-25,Guadalupe Victoria,31.22,24.35,78.0
2024-05-26,Guadalupe Victoria,31.02,24.2,78.0
2024-05-27,Guadalupe Victoria,30.82,24.04,78.0
2024-05-28,Guadalupe Victoria,30.86,24.07,78.0
2024-05-29,Guadalupe Victoria,30.81,24.04,78.0
2024-05-30,Guadalupe Victoria,30.64,23.9,78.0
2024-05-31,Guadalupe Victoria,30.64,23.9,78.0
2024-06-01,Guadalupe Victoria,30.6,23.87,78.0
2024-06-02,Guadalupe Victoria,30.88,24.09,78.0
2024-06-03,Guadalupe Victoria,31.13,24.28,78.0
2024-06-04,Guadalupe Victoria,30.82,24.04,78.0
2024-06-05,Guadalupe Victoria,30.41,23.72,78.0
2024-06-06,Guadalupe Victoria,30.19,23.55,78.0
2024-06-07,Guadalupe Victoria,30.18,23.54,78.0
2024-06-08,Guadalupe Victoria,29.82,23.26,78.0
2024-06-09,Guadalupe Victoria,29.75,23.2,78.0
2024-06-10,Guadalupe Victoria,29.91,23.33,78.0
2024-06-11,Guadalupe Victoria,29.75,23.2,78.0
2024-06-12,Guadalupe Victoria,29.43,22.95,78.0
2024-06-13,Guadalupe Victoria,29.14,22.73,78.0
2024-06-14,Guadalupe Victoria,29.1,22.7,78.0
2024-06-15,Guadalupe Victoria,28.88,22.53,78.0
2024-06-16,Guadalupe Victoria,28.88,22.52,78.0
2024-06-17,Guadalupe Victoria,28.5,22.23,78.0
2024-06-18,Guadalupe Victoria,28.21,22.0,78.0
2024-06-19,Guadalupe Victoria,28.09,21.91,78.0
2024-06-20,Guadalupe Victoria,27.85,21.72,78.0
2024-06-21,Guadalupe Victoria,28.04,21.87,78.0
2024-06-22,Guadalupe Victoria,27.72,21.62,78.0
2024-06-23,Guadalupe Victoria,27.72,21.62,78.0
2024-06-24,Guadalupe Victoria,27.73,21.63,78.0
2024-06-25,Guadalupe Victoria,27.43,21.4,78.0
2024-06-26,Guadalupe Victoria,27.47,21.43,78.0
2024-06-27,Guadalupe Victoria,27.13,21.16,78.0
2024-06-28,Guadalupe Victoria,27.24,21.25,78.0
2024-06-29,Guadalupe Victoria,27.27,21.27,78.0
2024-06-30,Guadalupe Victoria,26.9,20.98,78.0
2024-07-01,Guadalupe Victoria,26.7,20.83,78.0
2024-07-02,Guadalupe Victoria,26.48,20.65,78.0
2024-07-03,Guadalupe Victoria,26.45,20.63,78.0
2024-07-04,Guadalupe Victoria,26.48,20.66,78.0
2024-07-05,Guadalupe Victoria,26.42,20.61,78.0
2024-07-06,Guadalupe Victoria,28.0,21.84,78.0
2024-07-07,Guadalupe Victoria,29.57,23.06,78.0
2024-07-08,Guadalupe Victoria,29.97,23.38,78.0
2024-07-09,Guadalupe Victoria,30.01,23.41,78.0
2024-07-10,Guadalupe Victoria,30.06,23.45,78.0
2024-07-11,Guadalupe Victoria,30.03,23.42,78.0
2024-07-12,Guadalupe Victoria,29.62,23.1,78.0
2024-07-13,Guadalupe Victoria,29.31,22.86,78.0
2024-07-14,Guadalupe Victoria,29.38,22.91,78.0
2024-07-15,Guadalupe Victoria,29.23,22.8,78.0
2024-07-16,Guadalupe Victoria,29.45,22.97,78.0
2024-07-17,Guadalupe Victoria,29.25,22.81,78.0
2024-07-18,Guadalupe Victoria,29.47,22.99,78.0
2024-07-19,Guadalupe Victoria,29.1,22.7,78.0
2024-07-20,Guadalupe Victoria,29.34,22.89,78.0
2024-07-21,Guadalupe Victoria,29.23,22.8,78.0
2024-07-22,Guadalupe Victoria,29.32,22.87,78.0
2024-07-23,Guadalupe Victoria,29.37,22.91,78.0
2024-07-24,Guadalupe Victoria,29.67,23.14,78.0
2024-07-25,Guadalupe Victoria,29.75,23.21,78.0
2024-07-26,Guadalupe Victoria,31.08,24.24,78.0
2024-07-27,Guadalupe Victoria,30.93,24.13,78.0
2024-07-28,Guadalupe Victoria,31.15,24.3,78.0
2024-07-29,Guadalupe Victoria,31.19,24.33,78.0
2024-07-30,Guadalupe Victoria,31.26,24.39,78.0
2024-07-31,Guadalupe Victoria,31.03,24.2,78.0
2024-08-01,Guadalupe Victoria,31.73,24.75,78.0
2024-08-02,Guadalupe Victoria,31.72,24.74,78.0
2024-08-03,Guadalupe Victoria,32.24,25.15,78.0
2024-08-04,Guadalupe Victoria,35.49,27.68,78.0
2024-08-05,Guadalupe Victoria,35.21,27.46,78.0
2024-08-06,Guadalupe Victoria,36.64,28.58,78.0
2024-08-07,Guadalupe Victoria,38.88,30.32,78.0
2024-08-08,Guadalupe Victoria,38.89,30.34,78.0
2024-08-09,Guadalupe Victoria,38.84,30.29,78.0
2024-08-10,Guadalupe Victoria,38.5,30.03,78.0
2024-08-11,Guadalupe Victoria,38.35,29.92,78.0
2024-08-12,Guadalupe Victoria,39.64,30.92,78.0
2024-08-13,Guadalupe Victoria,39.64,30.92,78.0
2024-08-14,Guadalupe Victoria,39.5,30.81,78.0
2024-08-15,Guadalupe Victoria,39.46,30.78,78.0
2024-08-16,Guadalupe Victoria,39.62,30.9,78.0
2024-08-17,Guadalupe Victoria,39.58,30.87,78.0
2024-08-18,Guadalupe Victoria,41.19,32.12,78.0
2024-08-19,Guadalupe Victoria,41.04,32.01,78.0
2024-08-20,Guadalupe Victoria,41.4,32.29,78.0
2024-08-21,Guadalupe Victoria,43.62,34.03,78.0
2024-08-22,Guadalupe Victoria,43.79,34.16,78.0
2024-08-23,Guadalupe Victoria,43.72,34.1,78.0
2024-08-24,Guadalupe Victoria,43.33,33.79,78.0
2024-08-25,Guadalupe Victoria,42.89,33.45,78.0
2024-08-26,Guadalupe Victoria,45.43,35.44,78.0
2024-08-27,Guadalupe Victoria,45.61,35.58,78.0
2024-08-28,Guadalupe Victoria,45.54,35.52,78.0
2024-08-29,Guadalupe Victoria,47.41,36.98,78.0
2024-08-30,Guadalupe Victoria,47.49,37.04,78.0
2024-08-31,Guadalupe Victoria,47.71,37.22,78.0
2024-09-01,Guadalupe Victoria,47.44,37.0,78.0
2024-09-02,Guadalupe Victoria,49.88,38.9,78.0
2024-09-03,Guadalupe Victoria,49.81,38.85,78.0
2024-09-04,Guadalupe Victoria,49.81,38.85,78.0
2024-09-05,Guadalupe Victoria,52.39,40.87,78.0
2024-09-06,Guadalupe Victoria,52.29,40.79,78.0
2024-09-07,Guadalupe Victoria,52.24,40.75,78.0
2024-09-08,Guadalupe Victoria,52.07,40.62,78.0
2024-09-09,Guadalupe Victoria,52.13,40.66,78.0
2024-09-10,Guadalupe Victoria,53.55,41.77,78.0
2024-09-11,Guadalupe Victoria,53.48,41.71,78.0
2024-09-12,Guadalupe Victoria,53.05,41.38,78.0
2024-09-13,Guadalupe Victoria,52.78,41.17,78.0
2024-09-14,Guadalupe Victoria,52.74,41.13,78.0
2024-09-15,Guadalupe Victoria,52.78,41.17,78.0
2024-09-16,Guadalupe Victoria,54.7,42.66,78.0
2024-09-17,Guadalupe Victoria,54.49,42.5,78.0
2024-09-18,Guadalupe Victoria,56.81,44.31,78.0
2024-09-19,Guadalupe Victoria,56.6,44.15,78.0
2024-09-20,Guadalupe Victoria,56.44,44.02,78.0
2024-09-21,Guadalupe Victoria,56.74,44.26,78.0
2024-09-22,Guadalupe Victoria,56.78,44.29,78.0
2024-09-23,Guadalupe Victoria,56.65,44.19,78.0
2024-09-24,Guadalupe Victoria,57.1,44.54,78.0
2024-09-25,Guadalupe Victoria,59.18,46.16,78.0
2024-09-26,Guadalupe Victoria,59.37,46.31,78.0
2024-09-27,Guadalupe Victoria,59.48,46.39,78.0
2024-09-28,Guadalupe Victoria,59.62,46.5,78.0
2024-09-29,Guadalupe Victoria,60.34,47.07,78.0
2024-09-30,Guadalupe Victoria,60.12,46.9,78.0
2024-10-01,Guadalupe Victoria,59.86,46.69,78.0
2024-10-02,Guadalupe Victoria,59.64,46.52,78.0
2024-10-03,Guadalupe Victoria,59.61,46.5,78.0
2024-10-04,Guadalupe Victoria,59.33,46.27,78.0
2024-10-05,Guadalupe Victoria,59.2,46.17,78.0
2024-10-06,Guadalupe Victoria,60.44,47.14,78.0
2024-10-07,Guadalupe Victoria,60.21,46.97,78.0
2024-10-08,Guadalupe Victoria,60.31,47.05,78.0
2024-10-09,Guadalupe Victoria,59.7,46.56,78.0
2024-10-10,Guadalupe Victoria,59.84,46.68,78.0
2024-10-11,Guadalupe Victoria,59.7,46.57,78.0
2024-10-12,Guadalupe Victoria,59.66,46.53,78.0
2024-10-13,Guadalupe Victoria,59.76,46.62,78.0
2024-10-14,Guadalupe Victoria,60.92,47.52,78.0
2024-10-15,Guadalupe Victoria,60.8,47.42,78.0
2024-10-16,Guadalupe Victoria,62.01,48.37,78.0
2024-10-17,Guadalupe Victoria,62.13,48.46,78.0
2024-10-18,Guadalupe Victoria,61.85,48.25,78.0
2024-10-19,Guadalupe Victoria,61.86,48.25,78.0
2024-10-20,Guadalupe Victoria,62.21,48.52,78.0
2024-10-21,Guadalupe Victoria,63.87,49.82,78.0
2024-10-22,Guadalupe Victoria,63.86,49.81,78.0
2024-10-23,Guadalupe Victoria,63.57,49.59,78.0
2024-10-24,Guadalupe Victoria,64.21,50.08,78.0
2024-10-25,Guadalupe Victoria,64.11,50.01,78.0
2024-10-26,Guadalupe Victoria,63.85,49.8,78.0
2024-10-27,Guadalupe Victoria,64.23,50.1,78.0
2024-10-28,Guadalupe Victoria,64.39,50.23,78.0
2024-10-29,Guadalupe Victoria,64.27,50.13,78.0
2024-10-30,Guadalupe Victoria,64.07,49.98,78.0
2024-10-31,Guadalupe Victoria,63.95,49.88,78.0
2024-11-01,Guadalupe Victoria,63.81,49.77,78.0
2024-11-02,Guadalupe Victoria,63.95,49.88,78.0
2024-11-03,Guadalupe Victoria,63.86,49.81,78.0
2024-11-04,Guadalupe Victoria,63.86,49.81,78.0
2024-11-05,Guadalupe Victoria,63.78,49.75,78.0
2024-11-06,Guadalupe Victoria,63.8,49.77,78.0
2024-11-07,Guadalupe Victoria,63.83,49.78,78.0
2024-11-08,Guadalupe Victoria,63.86,49.81,78.0
2024-11-09,Guadalupe Victoria,63.94,49.88,78.0
2024-11-10,Guadalupe Victoria,63.85,49.8,78.0
2024-11-11,Guadalupe Victoria,63.64,49.64,78.0
2024-11-12,Guadalupe Victoria,63.95,49.88,78.0
2024-11-13,Guadalupe Victoria,63.76,49.73,78.0
2024-11-14,Guadalupe Victoria,63.79,49.75,78.0
2024-11-15,Guadalupe Victoria,63.62,49.63,78.0
2024-11-16,Guadalupe Victoria,63.42,49.47,78.0
2024-11-17,Guadalupe Victoria,63.2,49.3,78.0
2024-11-18,Guadalupe Victoria,63.26,49.34,78.0
2024-11-19,Guadalupe Victoria,63.32,49.39,78.0
2024-11-20,Guadalupe Victoria,63.06,49.19,78.0
2024-11-21,Guadalupe Victoria,62.97,49.11,78.0
2024-11-22,Guadalupe Victoria,63.13,49.24,78.0
2024-11-23,Guadalupe Victoria,63.45,49.49,78.0
2024-11-24,Guadalupe Victoria,63.55,49.57,78.0
2024-11-25,Guadalupe Victoria,63.72,49.7,78.0
2024-11-26,Guadalupe Victoria,63.62,49.62,78.0
2024-11-27,Guadalupe Victoria,63.33,49.4,78.0
2024-11-28,Guadalupe Victoria,63.41,49.46,78.0
2024-11-29,Guadalupe Victoria,63.16,49.27,78.0
2024-11-30,Guadalupe Victoria,63.13,49.24,78.0
2024-12-01,Guadalupe Victoria,63.04,49.17,78.0
2024-12-02,Guadalupe Victoria,63.24,49.33,78.0
2024-12-03,Guadalupe Victoria,63.26,49.35,78.0
2024-12-04,Guadalupe Victoria,62.98,49.13,78.0
2024-12-05,Guadalupe Victoria,62.81,48.99,78.0
2024-12-06,Guadalupe Victoria,62.78,48.97,78.0
2024-12-07,Guadalupe Victoria,62.55,48.79,78.0
2024-12-08,Guadalupe Victoria,62.36,48.64,78.0
2024-12-09,Guadalupe Victoria,62.15,48.48,78.0
2024-12-10,Guadalupe Victoria,61.99,48.36,78.0
2024-12-11,Guadalupe Victoria,61.84,48.23,78.0
2024-12-12,Guadalupe Victoria,61.99,48.35,78.0
2024-12-13,Guadalupe Victoria,61.88,48.27,78.0
2024-12-14,Guadalupe Victoria,61.92,48.3,78.0
2024-12-15,Guadalupe Victoria,61.62,48.06,78.0
2024-12-16,Guadalupe Victoria,61.55,48.01,78.0
2024-12-17,Guadalupe Victoria,61.56,48.02,78.0
2024-12-18,Guadalupe Victoria,61.69,48.12,78.0
2024-12-19,Guadalupe Victoria,61.71,48.14,78.0
2024-12-20,Guadalupe Victoria,61.54,48.0,78.0
2024-12-21,Guadalupe Victoria,61.5,47.97,78.0
2024-12-22,Guadalupe Victoria,61.33,47.84,78.0
2024-12-23,Guadalupe Victoria,61.19,47.72,78.0
2024-12-24,Guadalupe Victoria,61.08,47.64,78.0
2024-12-25,Guadalupe Victoria,60.74,47.38,78.0
2024-12-26,Guadalupe Victoria,61.0,47.58,78.0
2024-12-27,Guadalupe Victoria,60.58,47.25,78.0
2024-12-28,Guadalupe Victoria,60.65,47.3,78.0
2024-12-29,Guadalupe Victoria,60.72,47.36,78.0
2024-12-30,Guadalupe Victoria,60.53,47.21,78.0
2024-12-31,Guadalupe Victoria,60.42,47.13,78.0
